Form Number,Thumbnail Path
ADOPT-050-INFO,adopt050info.jpg
ADOPT-200,adopt200.jpg
ADOPT-205,adopt205.jpg
ADOPT-210,adopt210.jpg
ADOPT-210 S,adopt210s.jpg
ADOPT-215,adopt215.jpg
ADOPT-215 S,adopt215s.jpg
ADOPT-216,adopt216.jpg
ADOPT-216 S,adopt216s.jpg
ADOPT-220,adopt220.jpg
ADOPT-225,adopt225.jpg
ADOPT-230,adopt230.jpg
ADOPT-310,adopt310.jpg
ADOPT-315,adopt315.jpg
ADOPT-320,adopt320.jpg
ADOPT-325,adopt325.jpg
ADOPT-330,adopt330.jpg
ADOPT-331,adopt331.jpg
ADR-100,adr100.jpg
ADR-101,adr101.jpg
ADR-102,adr102.jpg
ADR-103,adr103.jpg
ADR-104,adr104.jpg
ADR-105,adr105.jpg
ADR-106,adr106.jpg
ADR-107,adr107.jpg
ADR-109,adr109.jpg
ADR-110,adr110.jpg
ADR-111,adr111.jpg
APP-001-INFO,app001info.jpg
APP-002,app002.jpg
APP-003,app003.jpg
APP-004,app004.jpg
APP-005,app005.jpg
APP-006,app006.jpg
APP-007,app007.jpg
APP-008,app008.jpg
APP-009,app009.jpg
APP-009E,app009e.jpg
APP-009-INFO,app009info.jpg
APP-010,app010.jpg
APP-011,app011.jpg
APP-012,app012.jpg
APP-013,app013.jpg
APP-014,app014.jpg
APP-014A,app014a.jpg
APP-014-INFO,app014info.jpg
APP-015-INFO,app015info.jpg
APP-016,app016.jpg
APP-016-GC,app016gc.jpg
APP-020,app020.jpg
APP-022,app022.jpg
APP-025,app025.jpg
APP-031A,app031a.jpg
APP-101-INFO,app101info.jpg
APP-102,app102.jpg
APP-103,app103.jpg
APP-104,app104.jpg
APP-105,app105.jpg
APP-106,app106.jpg
APP-107,app107.jpg
APP-109,app109.jpg
APP-109E,app109e.jpg
APP-109-INFO,app109info.jpg
APP-110,app110.jpg
APP-150-INFO,app150info.jpg
APP-151,app151.jpg
AT-105,at105.jpg
AT-115,at115.jpg
AT-120,at120.jpg
AT-125,at125.jpg
AT-130,at130.jpg
AT-135,at135.jpg
AT-138,at138.jpg
AT-140,at140.jpg
AT-145,at145.jpg
AT-150,at150.jpg
AT-155,at155.jpg
AT-160,at160.jpg
AT-165,at165.jpg
AT-167,at167.jpg
AT-170,at170.jpg
AT-175,at175.jpg
AT-180,at180.jpg
BMD-001,bmd001.jpg
BMD-001A,bmd001a.jpg
BMD-002,bmd002.jpg
BMD-002A,bmd002a.jpg
BMD-003,bmd003.jpg
BMD-003A,bmd003a.jpg
CD-100,cd100.jpg
CD-110,cd110.jpg
CD-120,cd120.jpg
CD-130,cd130.jpg
CD-140,cd140.jpg
CD-160,cd160.jpg
CD-170,cd170.jpg
CD-180,cd180.jpg
CD-190,cd190.jpg
CD-200,cd200.jpg
CH-100,ch100.jpg
CH-100 C,ch100c.jpg
CH-100 K,ch100k.jpg
CH-100 S,ch100s.jpg
CH-100 V,ch100v.jpg
CH-100-INFO,ch100info.jpg
CH-109,ch109.jpg
CH-109 C,ch109c.jpg
CH-109 K,ch109k.jpg
CH-109 S,ch109s.jpg
CH-109 V,ch109v.jpg
CH-110,ch110.jpg
CH-110 C,ch110c.jpg
CH-110 K,ch110k.jpg
CH-110 S,ch110s.jpg
CH-110 V,ch110v.jpg
CH-115,ch115.jpg
CH-115-INFO,ch115info.jpg
CH-116,ch116.jpg
CH-120,ch120.jpg
CH-120 C,ch120c.jpg
CH-120 K,ch120k.jpg
CH-120 S,ch120s.jpg
CH-120 V,ch120v.jpg
CH-120-INFO,ch120info.jpg
CH-130,ch130.jpg
CH-130 C,ch130c.jpg
CH-130 K,ch130k.jpg
CH-130 S,ch130s.jpg
CH-130 V,ch130v.jpg
CH-160,ch160.jpg
CH-165,ch165.jpg
CH-170,ch170.jpg
CH-170 C,ch170c.jpg
CH-170 K,ch170k.jpg
CH-170 S,ch170s.jpg
CH-170 V,ch170v.jpg
CH-175,ch175.jpg
CH-175 C,ch175c.jpg
CH-175 K,ch175k.jpg
CH-175 S,ch175s.jpg
CH-175 V,ch175v.jpg
CH-200,ch200.jpg
CH-200-INFO,ch200info.jpg
CH-200-INFO C,ch200infoc.jpg
CH-200-INFO K,ch200infok.jpg
CH-200-INFO S,ch200infos.jpg
CH-200-INFO V,ch200infov.jpg
CH-250,ch250.jpg
CH-250 C,ch250c.jpg
CH-250 K,ch250k.jpg
CH-250 S,ch250s.jpg
CH-250 V,ch250v.jpg
CH-260,ch260.jpg
CH-260 C,ch260c.jpg
CH-260 K,ch260k.jpg
CH-260 S,ch260s.jpg
CH-260 V,ch260v.jpg
CH-600,ch600.jpg
CH-610,ch610.jpg
CH-620,ch620.jpg
CH-630,ch630.jpg
CH-700,ch700.jpg
CH-700 C,ch700c.jpg
CH-700 K,ch700k.jpg
CH-700 S,ch700s.jpg
CH-700 V,ch700v.jpg
CH-710,ch710.jpg
CH-710 C,ch710c.jpg
CH-710 K,ch710k.jpg
CH-710 S,ch710s.jpg
CH-710 V,ch710v.jpg
CH-720,ch720.jpg
CH-730,ch730.jpg
CH-730 C,ch730c.jpg
CH-730 K,ch730k.jpg
CH-730 S,ch730s.jpg
CH-730 V,ch730v.jpg
CH-800,ch800.jpg
CH-800-INFO,ch800info.jpg
CIV-010,civ010.jpg
CIV-020,civ020.jpg
CIV-025,civ025.jpg
CIV-050,civ050.jpg
CIV-090,civ090.jpg
CIV-100,civ100.jpg
CIV-105,civ105.jpg
CIV-110,civ110.jpg
CIV-120,civ120.jpg
CIV-130,civ130.jpg
CIV-140,civ140.jpg
CIV-141,civ141.jpg
CIV-150,civ150.jpg
CIV-151,civ151.jpg
CIV-152,civ152.jpg
CIV-153,civ153.jpg
CIV-160,civ160.jpg
CIV-161,civ161.jpg
CIV-165,civ165.jpg
CIV-170,civ170.jpg
CLETS-001,clets001.jpg
CM-010,cm010.jpg
CM-011,cm011.jpg
CM-015,cm015.jpg
CM-020,cm020.jpg
CM-110,cm110.jpg
CM-180,cm180.jpg
CM-181,cm181.jpg
CM-200,cm200.jpg
CP10,cp10.jpg
CP10.5,cp105.jpg
CR-100,cr100.jpg
CR-101,cr101.jpg
CR-102,cr102.jpg
CR-105,cr105.jpg
CR-110,cr110.jpg
CR-111,cr111.jpg
CR-112,cr112.jpg
CR-112 S,cr112s.jpg
CR-113,cr113.jpg
CR-115,cr115.jpg
CR-117,cr117.jpg
CR-118,cr118.jpg
CR-119,cr119.jpg
CR-120,cr120.jpg
CR-125,cr125.jpg
CR-126,cr126.jpg
CR-131-INFO,cr131info.jpg
CR-132,cr132.jpg
CR-133,cr133.jpg
CR-134,cr134.jpg
CR-135,cr135.jpg
CR-136,cr136.jpg
CR-137,cr137.jpg
CR-141-INFO,cr141info.jpg
CR-142,cr142.jpg
CR-143,cr143.jpg
CR-144,cr144.jpg
CR-145,cr145.jpg
CR-150,cr150.jpg
CR-151,cr151.jpg
CR-160,cr160.jpg
CR-160 S,cr160s.jpg
CR-161,cr161.jpg
CR-162,cr162.jpg
CR-165,cr165.jpg
CR-168,cr168.jpg
CR-170,cr170.jpg
CR-173,cr173.jpg
CR-174,cr174.jpg
CR-180,cr180.jpg
CR-181,cr181.jpg
CR-183,cr183.jpg
CR-184,cr184.jpg
CR-185,cr185.jpg
CR-186,cr186.jpg
CR-187,cr187.jpg
CR-188,cr188.jpg
CR-190,cr190.jpg
CR-191,cr191.jpg
CR-200,cr200.jpg
CR-210,cr210.jpg
CR-220,cr220.jpg
CR-250,cr250.jpg
CR-251,cr251.jpg
CR-252,cr252.jpg
CR-300,cr300.jpg
CR-301,cr301.jpg
CR-302,cr302.jpg
CR-320,cr320.jpg
CR-321,cr321.jpg
CR-400,cr400.jpg
CR-401,cr401.jpg
CR-402,cr402.jpg
CR-403,cr403.jpg
CR-404,cr404.jpg
CR-405,cr405.jpg
CR-409,cr409.jpg
CR-409 C,cr409c.jpg
CR-409 K,cr409k.jpg
CR-409 S,cr409s.jpg
CR-409 V,cr409v.jpg
CR-409-INFO,cr409info.jpg
CR-409-INFO C,cr409infoc.jpg
CR-409-INFO K,cr409infok.jpg
CR-409-INFO S,cr409infos.jpg
CR-409-INFO V,cr409infov.jpg
CR-410,cr410.jpg
CR-410 C,cr410c.jpg
CR-410 K,cr410k.jpg
CR-410 S,cr410s.jpg
CR-410 V,cr410v.jpg
CR-600,cr600.jpg
CR-601,cr601.jpg
CR-602,cr602.jpg
CR-603,cr603.jpg
CR-604,cr604.jpg
CR-605,cr605.jpg
DAL-001,dal001.jpg
DAL-001 C,dal001c.jpg
DAL-001 K,dal001k.jpg
DAL-001 S,dal001s.jpg
DAL-001 V,dal001v.jpg
DAL-002,dal002.jpg
DAL-005,dal005.jpg
DAL-006,dal006.jpg
DAL-010,dal010.jpg
DAL-012,dal012.jpg
DAL-015,dal015.jpg
DAL-020,dal020.jpg
DE-111,de111.jpg
DE-111(A-3e),de111a3e.jpg
DE-120(MA),de120ma.jpg
DE-120(P),de120p.jpg
DE-120(PA),de120pa.jpg
DE-120,de120.jpg
DE-121(MA),de121ma.jpg
DE-121,de121.jpg
DE-122,de122.jpg
DE-125,de125.jpg
DE-131,de131.jpg
DE-135,de135.jpg
DE-140,de140.jpg
DE-142,de142.jpg
DE-147,de147.jpg
DE-147(S),de147s.jpg
DE-150,de150.jpg
DE-154,de154.jpg
DE-157,de157.jpg
DE-160,de160.jpg
DE-161,de161.jpg
DE-165,de165.jpg
DE-166,de166.jpg
DE-172,de172.jpg
DE-174,de174.jpg
DE-200,de200.jpg
DE-221,de221.jpg
DE-226,de226.jpg
DE-260,de260.jpg
DE-265,de265.jpg
DE-270,de270.jpg
DE-275,de275.jpg
DE-295,de295.jpg
DE-305,de305.jpg
DE-310,de310.jpg
DE-315,de315.jpg
DE-350,de350.jpg
DE-351,de351.jpg
DISC-001,disc001.jpg
DISC-002,disc002.jpg
DISC-003,disc003.jpg
DISC-004,disc004.jpg
DISC-005,disc005.jpg
DISC-010,disc010.jpg
DISC-015,disc015.jpg
DISC-020,disc020.jpg
DISC-030,disc030.jpg
DV-100,dv100.jpg
DV-100 C,dv100c.jpg
DV-100 K,dv100k.jpg
DV-100 S,dv100s.jpg
DV-100 V,dv100v.jpg
DV-101,dv101.jpg
DV-101 C,dv101c.jpg
DV-101 K,dv101k.jpg
DV-101 S,dv101s.jpg
DV-101 V,dv101v.jpg
DV-105,dv105.jpg
DV-105 C,dv105c.jpg
DV-105 K,dv105k.jpg
DV-105 S,dv105s.jpg
DV-105 V,dv105v.jpg
DV-108,dv108.jpg
DV-108 C,dv108c.jpg
DV-108 K,dv108k.jpg
DV-108 S,dv108s.jpg
DV-108 V,dv108v.jpg
DV-109,dv109.jpg
DV-109 C,dv109c.jpg
DV-109 K,dv109k.jpg
DV-109 S,dv109s.jpg
DV-109 V,dv109v.jpg
DV-110,dv110.jpg
DV-110 C,dv110c.jpg
DV-110 K,dv110k.jpg
DV-110 S,dv110s.jpg
DV-110 V,dv110v.jpg
DV-112,dv112.jpg
DV-112 C,dv112c.jpg
DV-112 K,dv112k.jpg
DV-112 S,dv112s.jpg
DV-112 V,dv112v.jpg
DV-115,dv115.jpg
DV-115 C,dv115c.jpg
DV-115 K,dv115k.jpg
DV-115 S,dv115s.jpg
DV-115 V,dv115v.jpg
DV-115-INFO,dv115info.jpg
DV-115-INFO C,dv115infoc.jpg
DV-115-INFO K,dv115infok.jpg
DV-115-INFO S,dv115infos.jpg
DV-115-INFO V,dv115infov.jpg
DV-116,dv116.jpg
DV-116 K,dv116k.jpg
DV-116 S,dv116s.jpg
DV-116 V,dv116v.jpg
DV-120,dv120.jpg
DV-120 K,dv120k.jpg
DV-120 S,dv120s.jpg
DV-120 V,dv120v.jpg
DV-120-INFO,dv120info.jpg
DV-120-INFO K,dv120infok.jpg
DV-120-INFO S,dv120infos.jpg
DV-120-INFO V,dv120infov.jpg
DV-130,dv130.jpg
DV-130 K,dv130k.jpg
DV-130 S,dv130s.jpg
DV-130 V,dv130v.jpg
DV-140,dv140.jpg
DV-140 C,dv140c.jpg
DV-140 K,dv140k.jpg
DV-140 S,dv140s.jpg
DV-140 V,dv140v.jpg
DV-145,dv145.jpg
DV-145 C,dv145c.jpg
DV-145 K,dv145k.jpg
DV-145 S,dv145s.jpg
DV-145 V,dv145v.jpg
DV-150,dv150.jpg
DV-160,dv160.jpg
DV-160 C,dv160c.jpg
DV-160 K,dv160k.jpg
DV-160 S,dv160s.jpg
DV-160 V,dv160v.jpg
DV-165,dv165.jpg
DV-165 C,dv165c.jpg
DV-165 K,dv165k.jpg
DV-165 S,dv165s.jpg
DV-165 V,dv165v.jpg
DV-170,dv170.jpg
DV-170,dv170.jpg
DV-170,dv170.jpg
DV-170,dv170.jpg
DV-170,dv170.jpg
DV-175,dv175.jpg
DV-175 C,dv175c.jpg
DV-175 K,dv175k.jpg
DV-175 S,dv175s.jpg
DV-175 V,dv175v.jpg
DV-180,dv180.jpg
DV-180 C,dv180c.jpg
DV-180 K,dv180k.jpg
DV-180 S,dv180s.jpg
DV-180 V,dv180v.jpg
DV-200,dv200.jpg
DV-200 K,dv200k.jpg
DV-200 S,dv200s.jpg
DV-200 V,dv200v.jpg
DV-200-INFO,dv200info.jpg
DV-200-INFO K,dv200infok.jpg
DV-200-INFO S,dv200infos.jpg
DV-200-INFO V,dv200infov.jpg
DV-250,dv250.jpg
DV-250 C,dv250c.jpg
DV-250 K,dv250k.jpg
DV-250 S,dv250s.jpg
DV-250 V,dv250v.jpg
DV-400,dv400.jpg
DV-400 S,dv400s.jpg
DV-400-INFO,dv400info.jpg
DV-400-INFO C,dv400infoc.jpg
DV-400-INFO K,dv400infok.jpg
DV-400-INFO S,dv400infos.jpg
DV-400-INFO V,dv400infov.jpg
DV-500-INFO,dv500info.jpg
DV-500-INFO C,dv500infoc.jpg
DV-500-INFO K,dv500infok.jpg
DV-500-INFO S,dv500infos.jpg
DV-500-INFO V,dv500infov.jpg
DV-505-INFO,dv505info.jpg
DV-505-INFO K,dv505infok.jpg
DV-505-INFO S,dv505infos.jpg
DV-505-INFO V,dv505infov.jpg
DV-520-INFO,dv520info.jpg
DV-520-INFO C,dv520infoc.jpg
DV-520-INFO K,dv520infok.jpg
DV-520-INFO S,dv520infos.jpg
DV-520-INFO V,dv520infov.jpg
DV-530-INFO,dv530info.jpg
DV-530-INFO C,dv530infoc.jpg
DV-530-INFO K,dv530infok.jpg
DV-530-INFO S,dv530infos.jpg
DV-530-INFO V,dv530infov.jpg
DV-570,dv570.jpg
DV-570 C,dv570c.jpg
DV-570 K,dv570k.jpg
DV-570 S,dv570s.jpg
DV-570 V,dv570v.jpg
DV-600,dv600.jpg
DV-600 C,dv600c.jpg
DV-600 K,dv600k.jpg
DV-600 S,dv600s.jpg
DV-600 V,dv600v.jpg
DV-610,dv610.jpg
DV-630,dv630.jpg
DV-630 C,dv630c.jpg
DV-630 K,dv630k.jpg
DV-630 S,dv630s.jpg
DV-630 V,dv630v.jpg
DV-700,dv700.jpg
DV-700 C,dv700c.jpg
DV-700 K,dv700k.jpg
DV-700 S,dv700s.jpg
DV-700 V,dv700v.jpg
DV-700-INFO,dv700info.jpg
DV-700-INFO C,dv700infoc.jpg
DV-700-INFO K,dv700infok.jpg
DV-700-INFO S,dv700infos.jpg
DV-700-INFO V,dv700infov.jpg
DV-710,dv710.jpg
DV-710 C,dv710c.jpg
DV-710 K,dv710k.jpg
DV-710 S,dv710s.jpg
DV-710 V,dv710v.jpg
DV-720,dv720.jpg
DV-720 C,dv720c.jpg
DV-720 K,dv720k.jpg
DV-720 S,dv720s.jpg
DV-720 V,dv720v.jpg
DV-730,dv730.jpg
DV-730 C,dv730c.jpg
DV-730 K,dv730k.jpg
DV-730 S,dv730s.jpg
DV-730 V,dv730v.jpg
DV-800,dv800.jpg
DV-800-INFO,dv800info.jpg
DV-800-INFO C,dv800infoc.jpg
DV-800-INFO K,dv800infok.jpg
DV-800-INFO S,dv800infos.jpg
DV-800-INFO V,dv800infov.jpg
DV-805,dv805.jpg
DV-805 C,dv805c.jpg
DV-805 K,dv805k.jpg
DV-805 S,dv805s.jpg
DV-805 V,dv805v.jpg
DV-815,dv815.jpg
DV-815 C,dv815c.jpg
DV-815 K,dv815k.jpg
DV-815 S,dv815s.jpg
DV-815 V,dv815v.jpg
DV-900,dv900.jpg
DV-900 C,dv900c.jpg
DV-900 K,dv900k.jpg
DV-900 S,dv900s.jpg
DV-900 V,dv900v.jpg
DV-901,dv901.jpg
DV-901 C,dv901c.jpg
DV-901 K,dv901k.jpg
DV-901 S,dv901s.jpg
DV-901 V,dv901v.jpg
EA-100,ea100.jpg
EA-100 C,ea100c.jpg
EA-100 K,ea100k.jpg
EA-100 S,ea100s.jpg
EA-100 V,ea100v.jpg
EA-100-INFO,ea100info.jpg
EA-109,ea109.jpg
EA-110,ea110.jpg
EA-110 C,ea110c.jpg
EA-110 K,ea110k.jpg
EA-110 S,ea110s.jpg
EA-110 V,ea110v.jpg
EA-115,ea115.jpg
EA-115-INFO,ea115info.jpg
EA-116,ea116.jpg
EA-120,ea120.jpg
EA-120 C,ea120c.jpg
EA-120 K,ea120k.jpg
EA-120 S,ea120s.jpg
EA-120 V,ea120v.jpg
EA-120-INFO,ea120info.jpg
EA-130,ea130.jpg
EA-130 C,ea130c.jpg
EA-130 K,ea130k.jpg
EA-130 S,ea130s.jpg
EA-130 V,ea130v.jpg
EA-200,ea200.jpg
EA-200-INFO,ea200info.jpg
EA-250,ea250.jpg
EA-260,ea260.jpg
EA-600,ea600.jpg
EA-610,ea610.jpg
EA-620,ea620.jpg
EA-630,ea630.jpg
EA-700,ea700.jpg
EA-710,ea710.jpg
EA-720,ea720.jpg
EA-730,ea730.jpg
EA-800,ea800.jpg
EA-800-INFO,ea800info.jpg
EFS-005-CV,efs005cv.jpg
EFS-005-JV,efs005jv.jpg
EFS-006,efs006.jpg
EFS-007,efs007.jpg
EFS-008,efs008.jpg
EFS-010,efs010.jpg
EFS-020,efs020.jpg
EFS-050,efs050.jpg
EFS-050(D),efs050d.jpg
EFS-050(P),efs050p.jpg
EJ-001,ej001.jpg
EJ-100,ej100.jpg
EJ-105,ej105.jpg
EJ-110,ej110.jpg
EJ-115,ej115.jpg
EJ-125,ej125.jpg
EJ-130,ej130.jpg
EJ-150,ej150.jpg
EJ-152,ej152.jpg
EJ-155,ej155.jpg
EJ-156,ej156.jpg
EJ-160,ej160.jpg
EJ-165,ej165.jpg
EJ-170,ej170.jpg
EJ-175,ej175.jpg
EJ-180,ej180.jpg
EJ-182,ej182.jpg
EJ-185,ej185.jpg
EJ-190,ej190.jpg
EJ-195,ej195.jpg
EJT-001-INFO,ejt001info.jpg
EJT-003,ejt003.jpg
EJT-004,ejt004.jpg
EJT-018,ejt018.jpg
EJT-020,ejt020.jpg
EJT-022A,ejt022a.jpg
EM-100,em100.jpg
EM-100-INFO,em100info.jpg
EM-100-INFO C,em100infoc.jpg
EM-100-INFO K,em100infok.jpg
EM-100-INFO S,em100infos.jpg
EM-100-INFO V,em100infov.jpg
EM-109,em109.jpg
EM-115,em115.jpg
EM-130,em130.jpg
EM-140,em140.jpg
EPO-001,epo001.jpg
EPO-001 C,epo001c.jpg
EPO-001 K,epo001k.jpg
EPO-001 S,epo001s.jpg
EPO-001 V,epo001v.jpg
EPO-002,epo002.jpg
EPO-002 C,epo002c.jpg
EPO-002 K,epo002k.jpg
EPO-002 S,epo002s.jpg
EPO-002 V,epo002v.jpg
FL-100,fl100.jpg
FL-100 A,fl100a.jpg
FL-100 C,fl100c.jpg
FL-100 S,fl100s.jpg
FL-105,fl105.jpg
FL-105 S,fl105s.jpg
FL-105(A),fl105a.jpg
FL-107-INFO,fl107info.jpg
FL-107-INFO C,fl107infoc.jpg
FL-107-INFO K,fl107infok.jpg
FL-107-INFO S,fl107infos.jpg
FL-107-INFO V,fl107infov.jpg
FL-110,fl110.jpg
FL-110 A,fl110a.jpg
FL-110 C,fl110c.jpg
FL-115,fl115.jpg
FL-117,fl117.jpg
FL-120,fl120.jpg
FL-120 A,fl120a.jpg
FL-120 C,fl120c.jpg
FL-120 S,fl120s.jpg
FL-130,fl130.jpg
FL-130 S,fl130s.jpg
FL-130(A),fl130a.jpg
FL-140,fl140.jpg
FL-140 S,fl140s.jpg
FL-141,fl141.jpg
FL-142,fl142.jpg
FL-142 S,fl142s.jpg
FL-144,fl144.jpg
FL-145,fl145.jpg
FL-150,fl150.jpg
FL-150 S,fl150s.jpg
FL-155,fl155.jpg
FL-155 S,fl155s.jpg
FL-157,fl157.jpg
FL-157 S,fl157s.jpg
FL-158,fl158.jpg
FL-160,fl160.jpg
FL-160 S,fl160s.jpg
FL-161,fl161.jpg
FL-165,fl165.jpg
FL-170,fl170.jpg
FL-172,fl172.jpg
FL-174,fl174.jpg
FL-180,fl180.jpg
FL-180 S,fl180s.jpg
FL-182,fl182.jpg
FL-190,fl190.jpg
FL-191,fl191.jpg
FL-191 S,fl191s.jpg
FL-192,fl192.jpg
FL-192 S,fl192s.jpg
FL-195,fl195.jpg
FL-196,fl196.jpg
FL-200,fl200.jpg
FL-200 S,fl200s.jpg
FL-210,fl210.jpg
FL-210 C,fl210c.jpg
FL-220,fl220.jpg
FL-220 S,fl220s.jpg
FL-230,fl230.jpg
FL-235,fl235.jpg
FL-235 S,fl235s.jpg
FL-240,fl240.jpg
FL-240 S,fl240s.jpg
FL-250,fl250.jpg
FL-250 S,fl250s.jpg
FL-260,fl260.jpg
FL-260 S,fl260s.jpg
FL-270,fl270.jpg
FL-270 S,fl270s.jpg
FL-272,fl272.jpg
FL-272 S,fl272s.jpg
FL-273,fl273.jpg
FL-273 S,fl273s.jpg
FL-274,fl274.jpg
FL-274 S,fl274s.jpg
FL-276,fl276.jpg
FL-276 S,fl276s.jpg
FL-278,fl278.jpg
FL-278 S,fl278s.jpg
FL-280,fl280.jpg
FL-280 S,fl280s.jpg
FL-281,fl281.jpg
FL-281 S,fl281s.jpg
FL-285,fl285.jpg
FL-285 S,fl285s.jpg
FL-290,fl290.jpg
FL-290 S,fl290s.jpg
FL-300,fl300.jpg
FL-300 S,fl300s.jpg
FL-300-INFO,fl300info.jpg
FL-300-INFO S,fl300infos.jpg
FL-303,fl303.jpg
FL-303 S,fl303s.jpg
FL-305,fl305.jpg
FL-305 S,fl305s.jpg
FL-306,fl306.jpg
FL-306 S,fl306s.jpg
FL-307,fl307.jpg
FL-307 S,fl307s.jpg
FL-311,fl311.jpg
FL-311 S,fl311s.jpg
FL-312,fl312.jpg
FL-312 S,fl312s.jpg
FL-313-INFO,fl313info.jpg
FL-313-INFO C,fl313infoc.jpg
FL-313-INFO K,fl313infok.jpg
FL-313-INFO S,fl313infos.jpg
FL-313-INFO T,fl313infot.jpg
FL-313-INFO V,fl313infov.jpg
FL-314-INFO,fl314info.jpg
FL-314-INFO C,fl314infoc.jpg
FL-314-INFO K,fl314infok.jpg
FL-314-INFO S,fl314infos.jpg
FL-314-INFO V,fl314infov.jpg
FL-315,fl315.jpg
FL-316,fl316.jpg
FL-318-INFO,fl318info.jpg
FL-319,fl319.jpg
FL-320,fl320.jpg
FL-320 S,fl320s.jpg
FL-320-INFO,fl320info.jpg
FL-320-INFO S,fl320infos.jpg
FL-321,fl321.jpg
FL-322,fl322.jpg
FL-322 S,fl322s.jpg
FL-323,fl323.jpg
FL-323 C,fl323c.jpg
FL-323 K,fl323k.jpg
FL-323 S,fl323s.jpg
FL-323 V,fl323v.jpg
FL-323-INFO,fl323info.jpg
FL-323-INFO C,fl323infoc.jpg
FL-323-INFO K,fl323infok.jpg
FL-323-INFO S,fl323infos.jpg
FL-323-INFO V,fl323infov.jpg
FL-324,fl324.jpg
FL-324 S,fl324s.jpg
FL-325,fl325.jpg
FL-326,fl326.jpg
FL-327,fl327.jpg
FL-328,fl328.jpg
FL-329-INFO,fl329info.jpg
FL-329-INFO S,fl329infos.jpg
FL-330,fl330.jpg
FL-330-INFO,fl330info.jpg
FL-334,fl334.jpg
FL-335,fl335.jpg
FL-335-INFO,fl335info.jpg
FL-336,fl336.jpg
FL-337,fl337.jpg
FL-338,fl338.jpg
FL-340,fl340.jpg
FL-341,fl341.jpg
FL-341 S,fl341s.jpg
FL-341(A),fl341a.jpg
FL-341(A) S,fl341as.jpg
FL-341(B),fl341b.jpg
FL-341(B) S,fl341bs.jpg
FL-341(C),fl341c.jpg
FL-341(C) S,fl341cs.jpg
FL-341(D),fl341d.jpg
FL-341(D) S,fl341ds.jpg
FL-341(E),fl341e.jpg
FL-341(E) S,fl341es.jpg
FL-342,fl342.jpg
FL-342 S,fl342s.jpg
FL-342(A),fl342a.jpg
FL-343,fl343.jpg
FL-344,fl344.jpg
FL-344 S,fl344s.jpg
FL-345,fl345.jpg
FL-345 S,fl345s.jpg
FL-346,fl346.jpg
FL-347,fl347.jpg
FL-348,fl348.jpg
FL-348 S,fl348s.jpg
FL-350,fl350.jpg
FL-350 S,fl350s.jpg
FL-355,fl355.jpg
FL-355 S,fl355s.jpg
FL-356,fl356.jpg
FL-356 S,fl356s.jpg
FL-357,fl357.jpg
FL-357 S,fl357s.jpg
FL-358,fl358.jpg
FL-358 S,fl358s.jpg
FL-360,fl360.jpg
FL-365,fl365.jpg
FL-367,fl367.jpg
FL-370,fl370.jpg
FL-371,fl371.jpg
FL-372,fl372.jpg
FL-373,fl373.jpg
FL-374,fl374.jpg
FL-375,fl375.jpg
FL-380,fl380.jpg
FL-381,fl381.jpg
FL-382,fl382.jpg
FL-390,fl390.jpg
FL-391,fl391.jpg
FL-392,fl392.jpg
FL-393,fl393.jpg
FL-395,fl395.jpg
FL-396,fl396.jpg
FL-397,fl397.jpg
FL-398,fl398.jpg
FL-400,fl400.jpg
FL-401,fl401.jpg
FL-410,fl410.jpg
FL-411,fl411.jpg
FL-412,fl412.jpg
FL-415,fl415.jpg
FL-420,fl420.jpg
FL-421,fl421.jpg
FL-430,fl430.jpg
FL-435,fl435.jpg
FL-440,fl440.jpg
FL-450,fl450.jpg
FL-455,fl455.jpg
FL-460,fl460.jpg
FL-461,fl461.jpg
FL-470,fl470.jpg
FL-475,fl475.jpg
FL-478,fl478.jpg
FL-478-INFO,fl478info.jpg
FL-480,fl480.jpg
FL-485,fl485.jpg
FL-490,fl490.jpg
FL-490 S,fl490s.jpg
FL-510,fl510.jpg
FL-520,fl520.jpg
FL-530,fl530.jpg
FL-530 S,fl530s.jpg
FL-560,fl560.jpg
FL-570,fl570.jpg
FL-575,fl575.jpg
FL-580,fl580.jpg
FL-585,fl585.jpg
FL-590A,fl590a.jpg
FL-592,fl592.jpg
FL-594,fl594.jpg
FL-600,fl600.jpg
FL-605,fl605.jpg
FL-610,fl610.jpg
FL-611,fl611.jpg
FL-615,fl615.jpg
FL-615 S,fl615s.jpg
FL-616,fl616.jpg
FL-618,fl618.jpg
FL-618 S,fl618s.jpg
FL-620,fl620.jpg
FL-625,fl625.jpg
FL-625 S,fl625s.jpg
FL-626,fl626.jpg
FL-626 C,fl626c.jpg
FL-626 K,fl626k.jpg
FL-626 S,fl626s.jpg
FL-626 T,fl626t.jpg
FL-626 V,fl626v.jpg
FL-627,fl627.jpg
FL-630,fl630.jpg
FL-630 S,fl630s.jpg
FL-632,fl632.jpg
FL-634,fl634.jpg
FL-634 S,fl634s.jpg
FL-635,fl635.jpg
FL-640,fl640.jpg
FL-640 S,fl640s.jpg
FL-640-INFO,fl640info.jpg
FL-640-INFO S,fl640infos.jpg
FL-643,fl643.jpg
FL-645,fl645.jpg
FL-646,fl646.jpg
FL-650,fl650.jpg
FL-651,fl651.jpg
FL-660,fl660.jpg
FL-661,fl661.jpg
FL-661-INFO,fl661info.jpg
FL-662,fl662.jpg
FL-662-INFO,fl662info.jpg
FL-663,fl663.jpg
FL-663 C,fl663c.jpg
FL-663 K,fl663k.jpg
FL-663 S,fl663s.jpg
FL-663 T,fl663t.jpg
FL-663 V,fl663v.jpg
FL-665,fl665.jpg
FL-665 S,fl665s.jpg
FL-666,fl666.jpg
FL-667,fl667.jpg
FL-670,fl670.jpg
FL-675,fl675.jpg
FL-676,fl676.jpg
FL-676 S,fl676s.jpg
FL-676-INFO,fl676info.jpg
FL-677,fl677.jpg
FL-678,fl678.jpg
FL-679 S,fl679s.jpg
FL-679,fl679.jpg
FL-679-INFO,fl679info.jpg
FL-679-INFO S,fl679infos.jpg
FL-680,fl680.jpg
FL-681,fl681.jpg
FL-683,fl683.jpg
FL-684,fl684.jpg
FL-685,fl685.jpg
FL-686,fl686.jpg
FL-687,fl687.jpg
FL-687 S,fl687s.jpg
FL-688,fl688.jpg
FL-688 S,fl688s.jpg
FL-692,fl692.jpg
FL-692 S,fl692s.jpg
FL-693,fl693.jpg
FL-694,fl694.jpg
FL-694 C,fl694c.jpg
FL-694 K,fl694k.jpg
FL-694 S,fl694s.jpg
FL-694 T,fl694t.jpg
FL-694 V,fl694v.jpg
FL-697,fl697.jpg
FL-800,fl800.jpg
FL-810,fl810.jpg
FL-810 S,fl810s.jpg
FL-820,fl820.jpg
FL-825,fl825.jpg
FL-830,fl830.jpg
FL-910,fl910.jpg
FL-915,fl915.jpg
FL-920,fl920.jpg
FL-935,fl935.jpg
FL-940,fl940.jpg
FL-940 C,fl940c.jpg
FL-940 K,fl940k.jpg
FL-940 S,fl940s.jpg
FL-940 V,fl940v.jpg
FL-945,fl945.jpg
FL-950,fl950.jpg
FL-955,fl955.jpg
FL-955-INFO,fl955info.jpg
FL-955-INFO S,fl955infos.jpg
FL-956,fl956.jpg
FL-957,fl957.jpg
FL-958,fl958.jpg
FL-960,fl960.jpg
FL-970,fl970.jpg
FL-980,fl980.jpg
FL-982,fl982.jpg
FL-985,fl985.jpg
FW-001,fw001.jpg
FW-001 S,fw001s.jpg
FW-001-GC,fw001gc.jpg
FW-001-INFO,fw001info.jpg
FW-001-INFO S,fw001infos.jpg
FW-002,fw002.jpg
FW-002 S,fw002s.jpg
FW-002-GC,fw002gc.jpg
FW-003,fw003.jpg
FW-003 S,fw003s.jpg
FW-003-GC,fw003gc.jpg
FW-005,fw005.jpg
FW-005 S,fw005s.jpg
FW-005-GC,fw005gc.jpg
FW-006,fw006.jpg
FW-006 S,fw006s.jpg
FW-006-GC,fw006gc.jpg
FW-007,fw007.jpg
FW-007 S,fw007s.jpg
FW-007-GC,fw007gc.jpg
FW-008,fw008.jpg
FW-008 S,fw008s.jpg
FW-008-GC,fw008gc.jpg
FW-010,fw010.jpg
FW-010 S,fw010s.jpg
FW-010-GC,fw010gc.jpg
FW-011,fw011.jpg
FW-011 S,fw011s.jpg
FW-011-GC,fw011gc.jpg
FW-012,fw012.jpg
FW-012 S,fw012s.jpg
FW-012-GC,fw012gc.jpg
FW-015-INFO,fw015info.jpg
FW-016,fw016.jpg
FW-016-GC,fw016gc.jpg
GC-005,gc005.jpg
GC-006,gc006.jpg
GC-010,gc010.jpg
GC-020(C),gc020c.jpg
GC-020(MA),gc020ma.jpg
GC-020(P),gc020p.jpg
GC-020(PA),gc020pa.jpg
GC-020,gc020.jpg
GC-021,gc021.jpg
GC-022,gc022.jpg
GC-035,gc035.jpg
GC-040,gc040.jpg
GC-041,gc041.jpg
GC-042(MA),gc042ma.jpg
GC-042,gc042.jpg
GC-045,gc045.jpg
GC-050,gc050.jpg
GC-051,gc051.jpg
GC-060,gc060.jpg
GC-065,gc065.jpg
GC-070,gc070.jpg
GC-075,gc075.jpg
GC-079(MA),gc079ma.jpg
GC-079,gc079.jpg
GC-080(MA),gc080ma.jpg
GC-080,gc080.jpg
GC-085,gc085.jpg
GC-090,gc090.jpg
GC-100,gc100.jpg
GC-101,gc101.jpg
GC-110(P),gc110p.jpg
GC-110,gc110.jpg
GC-111,gc111.jpg
GC-112,gc112.jpg
GC-112(A-1),gc112a1.jpg
GC-112(A-2),gc112a2.jpg
GC-115,gc115.jpg
GC-120(A),gc120a.jpg
GC-120,gc120.jpg
GC-120 S,gc120s.jpg
GC-140,gc140.jpg
GC-141,gc141.jpg
GC-150,gc150.jpg
GC-205,gc205.jpg
GC-205 C,gc205c.jpg
GC-205 K,gc205k.jpg
GC-205 S,gc205s.jpg
GC-205 V,gc205v.jpg
GC-210(A-PF),gc210apf.jpg
GC-210(CA),gc210ca.jpg
GC-210(P),gc210p.jpg
GC-210,gc210.jpg
GC-210(PE),gc210pe.jpg
GC-211,gc211.jpg
GC-212,gc212.jpg
GC-220,gc220.jpg
GC-224,gc224.jpg
GC-224 S,gc224s.jpg
GC-240,gc240.jpg
GC-248,gc248.jpg
GC-248 S,gc248s.jpg
GC-250,gc250.jpg
GC-251,gc251.jpg
GC-255,gc255.jpg
GC-260,gc260.jpg
GC-310,gc310.jpg
GC-310(A-PF),gc310apf.jpg
GC-312,gc312.jpg
GC-313,gc313.jpg
GC-314,gc314.jpg
GC-320,gc320.jpg
GC-322,gc322.jpg
GC-330,gc330.jpg
GC-331,gc331.jpg
GC-332,gc332.jpg
GC-333,gc333.jpg
GC-334,gc334.jpg
GC-335,gc335.jpg
GC-335A,gc335a.jpg
GC-336,gc336.jpg
GC-340,gc340.jpg
GC-341(MA),gc341ma.jpg
GC-341,gc341.jpg
GC-341 S,gc341s.jpg
GC-348,gc348.jpg
GC-348 S,gc348s.jpg
GC-350,gc350.jpg
GC-355,gc355.jpg
GC-360,gc360.jpg
GC-361,gc361.jpg
GC-362,gc362.jpg
GC-363,gc363.jpg
GC-364,gc364.jpg
GC-365,gc365.jpg
GC-366,gc366.jpg
GC-367 ,gc367.jpg
GC-368,gc368.jpg
GC-380,gc380.jpg
GC-385,gc385.jpg
GC-395,gc395.jpg
GC-399,gc399.jpg
GC-400(A)(1),gc400a1.jpg
GC-400(A)(2),gc400a2.jpg
GC-400(A)(3),gc400a3.jpg
GC-400(A)(4),gc400a4.jpg
GC-400(A)(5),gc400a5.jpg
GC-400(A)(6),gc400a6.jpg
GC-400(A)(C),gc400ac.jpg
GC-400(AP),gc400ap.jpg
GC-400(B),gc400b.jpg
GC-400(C)(1),gc400c1.jpg
GC-400(C)(10),gc400c10.jpg
GC-400(C)(11),gc400c11.jpg
GC-400(C)(2),gc400c2.jpg
GC-400(C)(3),gc400c3.jpg
GC-400(C)(4),gc400c4.jpg
GC-400(C)(5),gc400c5.jpg
GC-400(C)(6),gc400c6.jpg
GC-400(C)(7),gc400c7.jpg
GC-400(C)(8),gc400c8.jpg
GC-400(C)(9),gc400c9.jpg
GC-400(D),gc400d.jpg
GC-400(DIST),gc400dist.jpg
GC-400(E)(1),gc400e1.jpg
GC-400(E)(2),gc400e2.jpg
GC-400(F),gc400f.jpg
GC-400(G),gc400g.jpg
GC-400(NI),gc400ni.jpg
GC-400(NL),gc400nl.jpg
GC-400(OCH),gc400och.jpg
GC-400(OCR),gc400ocr.jpg
GC-400(PH)(1),gc400ph1.jpg
GC-400(PH)(2),gc400ph2.jpg
GC-400(SUM),gc400sum.jpg
GC-405(A),gc405a.jpg
GC-405(AP),gc405ap.jpg
GC-405(B),gc405b.jpg
GC-405(C),gc405c.jpg
GC-405(D),gc405d.jpg
GC-405(DIST),gc405dist.jpg
GC-405(E)(1),gc405e1.jpg
GC-405(E)(2),gc405e2.jpg
GC-405(F),gc405f.jpg
GC-405(G),gc405g.jpg
GC-405(OCH),gc405och.jpg
GC-405(OCR),gc405ocr.jpg
GC-405(PH)(1),gc405ph1.jpg
GC-405(PH)(2),gc405ph2.jpg
GC-405(SUM),gc405sum.jpg
GC-505,gc505.jpg
GC-505 S,gc505s.jpg
GC-510,gc510.jpg
GC-510 S,gc510s.jpg
GDC-001,gdc001.jpg
GDC-001* C,gdc001c.jpg
GDC-001* K,gdc001k.jpg
GDC-001* S,gdc001s.jpg
GDC-001* V,gdc001v.jpg
GV-009,gv009.jpg
GV-020,gv020.jpg
GV-020-INFO,gv020info.jpg
GV-025,gv025.jpg
GV-030,gv030.jpg
GV-100,gv100.jpg
GV-100 C,gv100c.jpg
GV-100 K,gv100k.jpg
GV-100 S,gv100s.jpg
GV-100 V,gv100v.jpg
GV-100-INFO,gv100info.jpg
GV-100-INFO C,gv100infoc.jpg
GV-100-INFO K,gv100infok.jpg
GV-100-INFO S,gv100infos.jpg
GV-100-INFO V,gv100infov.jpg
GV-109,gv109.jpg
GV-109 C,gv109c.jpg
GV-109 K,gv109k.jpg
GV-109 V,gv109v.jpg
GV-110,gv110.jpg
GV-110 C,gv110c.jpg
GV-110 K,gv110k.jpg
GV-110 S,gv110s.jpg
GV-110 V,gv110v.jpg
GV-115,gv115.jpg
GV-115 C,gv115c.jpg
GV-115 K,gv115k.jpg
GV-115 V,gv115v.jpg
GV-115 S,gv115s.jpg
GV-116,gv116.jpg
GV-116 C,gv116c.jpg
GV-116 K,gv116k.jpg
GV-116 V,gv116v.jpg
GV-116 S,gv116s.jpg
GV-120,gv120.jpg
GV-120 C,gv120c.jpg
GV-120 K,gv120k.jpg
GV-120 S,gv120s.jpg
GV-120 V,gv120v.jpg
GV-120-INFO,gv120info.jpg
GV-120-INFO C,gv120infoc.jpg
GV-120-INFO K,gv120infok.jpg
GV-120-INFO V,gv120infov.jpg
GV-120-INFO S,gv120infos.jpg
GV-130,gv130.jpg
GV-130 C,gv130c.jpg
GV-130 K,gv130k.jpg
GV-130 V,gv130v.jpg
GV-130 S,gv130s.jpg
GV-200,gv200.jpg
GV-200 C,gv200c.jpg
GV-200 K,gv200k.jpg
GV-200 S,gv200s.jpg
GV-200 V,gv200v.jpg
GV-200-INFO,gv200info.jpg
GV-200-INFO C,gv200infoc.jpg
GV-200-INFO K,gv200infok.jpg
GV-200-INFO S,gv200infos.jpg
GV-200-INFO V,gv200infov.jpg
GV-250,gv250.jpg
GV-250 C,gv250c.jpg
GV-250 K,gv250k.jpg
GV-250 S,gv250s.jpg
GV-250 V,gv250v.jpg
GV-600,gv600.jpg
GV-600 C,gv600c.jpg
GV-600 K,gv600k.jpg
GV-600 S,gv600s.jpg
GV-600 V,gv600v.jpg
GV-610,gv610.jpg
GV-610 C,gv610c.jpg
GV-610 K,gv610k.jpg
GV-610 S,gv610s.jpg
GV-610 V,gv610v.jpg
GV-620,gv620.jpg
GV-620 C,gv620c.jpg
GV-620 K,gv620k.jpg
GV-620 S,gv620s.jpg
GV-620 V,gv620v.jpg
GV-630,gv630.jpg
GV-630 C,gv630c.jpg
GV-630 K,gv630k.jpg
GV-630 S,gv630s.jpg
GV-630 V,gv630v.jpg
GV-700,gv700.jpg
GV-700 C,gv700c.jpg
GV-700 K,gv700k.jpg
GV-700 S,gv700s.jpg
GV-700 V,gv700v.jpg
GV-710,gv710.jpg
GV-710 C,gv710c.jpg
GV-710 K,gv710k.jpg
GV-710 S,gv710s.jpg
GV-710 V,gv710v.jpg
GV-720,gv720.jpg
GV-720 C,gv720c.jpg
GV-720 K,gv720k.jpg
GV-720 S,gv720s.jpg
GV-720 V,gv720v.jpg
GV-730,gv730.jpg
GV-730 C,gv730c.jpg
GV-730 K,gv730k.jpg
GV-730 S,gv730s.jpg
GV-730 V,gv730v.jpg
GV-800,gv800.jpg
GV-800 C,gv800c.jpg
GV-800 K,gv800k.jpg
GV-800 S,gv800s.jpg
GV-800 V,gv800v.jpg
GV-800-INFO,gv800info.jpg
GV-800-INFO C,gv800infoc.jpg
GV-800-INFO K,gv800infok.jpg
GV-800-INFO S,gv800infos.jpg
GV-800-INFO V,gv800infov.jpg
HC-001,hc001.jpg
HC-002,hc002.jpg
HC-003,hc003.jpg
HC-004,hc004.jpg
HC-100,hc100.jpg
HC-101,hc101.jpg
HC-200,hc200.jpg
ICWA-005-INFO,icwa005info.jpg
ICWA-010(A),icwa010a.jpg
ICWA-010(A) S,icwa010as.jpg
ICWA-020,icwa020.jpg
ICWA-020 S,icwa020s.jpg
ICWA-030(A),icwa030a.jpg
ICWA-030(A) S,icwa030as.jpg
ICWA-030,icwa030.jpg
ICWA-030 S,icwa030s.jpg
ICWA-040,icwa040.jpg
ICWA-050,icwa050.jpg
ICWA-060,icwa060.jpg
ID-100,id100.jpg
ID-110,id110.jpg
ID-120,id120.jpg
ID-130,id130.jpg
ID-140,id140.jpg
ID-150,id150.jpg
INT-001,int001.jpg
INT-002(A),int002a.jpg
INT-100-INFO,int100info.jpg
INT-110,int110.jpg
INT-120,int120.jpg
INT-140,int140.jpg
INT-200,int200.jpg
INT-300,int300.jpg
INT-300 C,int300c.jpg
INT-300 CT,int300ct.jpg
INT-300 F,int300f.jpg
INT-300 K,int300k.jpg
INT-300 P,int300p.jpg
INT-300 R,int300r.jpg
INT-300 S,int300s.jpg
INT-300 TG,int300tg.jpg
INT-300 V,int300v.jpg
JUD-100,jud100.jpg
JURY-001,jury001.jpg
JURY-002,jury002.jpg
JURY-003,jury003.jpg
JURY-010,jury010.jpg
JV-050-INFO,jv050info.jpg
JV-050-INFO C,jv050infoc.jpg
JV-050-INFO CM,jv050infocm.jpg
JV-050-INFO H,jv050infoh.jpg
JV-050-INFO K,jv050infok.jpg
JV-050-INFO R,jv050infor.jpg
JV-050-INFO S,jv050infos.jpg
JV-050-INFO V,jv050infov.jpg
JV-060-INFO,jv060info.jpg
JV-060-INFO C,jv060infoc.jpg
JV-060-INFO K,jv060infok.jpg
JV-060-INFO S,jv060infos.jpg
JV-060-INFO V,jv060infov.jpg
JV-100,jv100.jpg
JV-100 S,jv100s.jpg
JV-101(A),jv101a.jpg
JV-101(A) S,jv101as.jpg
JV-110,jv110.jpg
JV-110 S,jv110s.jpg
JV-120,jv120.jpg
JV-120 S,jv120s.jpg
JV-121,jv121.jpg
JV-121 S,jv121s.jpg
JV-122,jv122.jpg
JV-122 S,jv122s.jpg
JV-123,jv123.jpg
JV-123 S,jv123s.jpg
JV-124,jv124.jpg
JV-124 S,jv124s.jpg
JV-125,jv125.jpg
JV-125 S,jv125s.jpg
JV-126,jv126.jpg
JV-126 S,jv126s.jpg
JV-127,jv127.jpg
JV-127 S,jv127s.jpg
JV-128,jv128.jpg
JV-128 S,jv128s.jpg
JV-129,jv129.jpg
JV-129 S,jv129s.jpg
JV-130-INFO,jv130info.jpg
JV-130-INFO S,jv130infos.jpg
JV-131,jv131.jpg
JV-132,jv132.jpg
JV-133,jv133.jpg
JV-134,jv134.jpg
JV-135,jv135.jpg
JV-136,jv136.jpg
JV-140,jv140.jpg
JV-140 S,jv140s.jpg
JV-141,jv141.jpg
JV-150,jv150.jpg
JV-150 S,jv150s.jpg
JV-180,jv180.jpg
JV-180 S,jv180s.jpg
JV-182,jv182.jpg
JV-183,jv183.jpg
JV-184,jv184.jpg
JV-185,jv185.jpg
JV-190,jv190.jpg
JV-190 S,jv190s.jpg
JV-195,jv195.jpg
JV-195 S,jv195s.jpg
JV-200,jv200.jpg
JV-200 S,jv200s.jpg
JV-205,jv205.jpg
JV-205 S,jv205s.jpg
JV-206,jv206.jpg
JV-210,jv210.jpg
JV-212,jv212.jpg
JV-212 S,jv212s.jpg
JV-214,jv214.jpg
JV-214(A),jv214a.jpg
JV-214-INFO,jv214info.jpg
JV-214-INFO S,jv214infos.jpg
JV-215,jv215.jpg
JV-216,jv216.jpg
JV-217-INFO,jv217info.jpg
JV-218,jv218.jpg
JV-218 S,jv218s.jpg
JV-219,jv219.jpg
JV-219 S,jv219s.jpg
JV-220(A),jv220a.jpg
JV-220,jv220.jpg
JV-220(B),jv220b.jpg
JV-221,jv221.jpg
JV-222,jv222.jpg
JV-222 S,jv222s.jpg
JV-223,jv223.jpg
JV-224,jv224.jpg
JV-225,jv225.jpg
JV-225 S,jv225s.jpg
JV-226,jv226.jpg
JV-227,jv227.jpg
JV-245,jv245.jpg
JV-245 C,jv245c.jpg
JV-245 K,jv245k.jpg
JV-245 S,jv245s.jpg
JV-245 V,jv245v.jpg
JV-247,jv247.jpg
JV-247 S,jv247s.jpg
JV-250,jv250.jpg
JV-250 C,jv250c.jpg
JV-250 K,jv250k.jpg
JV-250 S,jv250s.jpg
JV-250 V,jv250v.jpg
JV-251,jv251.jpg
JV-251 S,jv251s.jpg
JV-252,jv252.jpg
JV-252-INFO,jv252info.jpg
JV-252-INFO C,jv252infoc.jpg
JV-252-INFO K,jv252infok.jpg
JV-252-INFO S,jv252infos.jpg
JV-252-INFO V,jv252infov.jpg
JV-255,jv255.jpg
JV-255 C,jv255c.jpg
JV-255 K,jv255k.jpg
JV-255 S,jv255s.jpg
JV-255 V,jv255v.jpg
JV-257,jv257.jpg
JV-257 S,jv257s.jpg
JV-280,jv280.jpg
JV-280 S,jv280s.jpg
JV-281,jv281.jpg
JV-282,jv282.jpg
JV-285,jv285.jpg
JV-285 S,jv285s.jpg
JV-287,jv287.jpg
JV-287 S,jv287s.jpg
JV-290,jv290.jpg
JV-290 C,jv290c.jpg
JV-290 K,jv290k.jpg
JV-290 S,jv290s.jpg
JV-290 V,jv290v.jpg
JV-290-INFO,jv290info.jpg
JV-290-INFO C,jv290infoc.jpg
JV-290-INFO K,jv290infok.jpg
JV-290-INFO S,jv290infos.jpg
JV-290-INFO V,jv290infov.jpg
JV-295,jv295.jpg
JV-295 S,jv295s.jpg
JV-296,jv296.jpg
JV-296 S,jv296s.jpg
JV-297,jv297.jpg
JV-297 S,jv297s.jpg
JV-298,jv298.jpg
JV-298 S,jv298s.jpg
JV-299,jv299.jpg
JV-299 C,jv299c.jpg
JV-299 K,jv299k.jpg
JV-299 S,jv299s.jpg
JV-299 V,jv299v.jpg
JV-300,jv300.jpg
JV-300 S,jv300s.jpg
JV-305,jv305.jpg
JV-305 S,jv305s.jpg
JV-310,jv310.jpg
JV-310 S,jv310s.jpg
JV-320,jv320.jpg
JV-321,jv321.jpg
JV-322,jv322.jpg
JV-323,jv323.jpg
JV-324,jv324.jpg
JV-325,jv325.jpg
JV-326,jv326.jpg
JV-326-INFO,jv326info.jpg
JV-327,jv327.jpg
JV-328,jv328.jpg
JV-330,jv330.jpg
JV-330 C,jv330c.jpg
JV-330 K,jv330k.jpg
JV-330 V,jv330v.jpg
JV-330 S,jv330s.jpg
JV-350-INFO,jv350info.jpg
JV-350-INFO C,jv350infoc.jpg
JV-350-INFO K,jv350infok.jpg
JV-350-INFO S,jv350infos.jpg
JV-350-INFO V,jv350infov.jpg
JV-356,jv356.jpg
JV-357,jv357.jpg
JV-357 S,jv357s.jpg
JV-364,jv364.jpg
JV-364 S,jv364s.jpg
JV-365,jv365.jpg
JV-365 S,jv365s.jpg
JV-367,jv367.jpg
JV-400,jv400.jpg
JV-401,jv401.jpg
JV-402,jv402.jpg
JV-403,jv403.jpg
JV-405,jv405.jpg
JV-406,jv406.jpg
JV-410,jv410.jpg
JV-412,jv412.jpg
JV-415,jv415.jpg
JV-416,jv416.jpg
JV-417,jv417.jpg
JV-418,jv418.jpg
JV-419,jv419.jpg
JV-419A,jv419a.jpg
JV-420,jv420.jpg
JV-421,jv421.jpg
JV-425,jv425.jpg
JV-426,jv426.jpg
JV-430,jv430.jpg
JV-431,jv431.jpg
JV-432,jv432.jpg
JV-433,jv433.jpg
JV-435,jv435.jpg
JV-436,jv436.jpg
JV-437,jv437.jpg
JV-438,jv438.jpg
JV-440,jv440.jpg
JV-441,jv441.jpg
JV-442,jv442.jpg
JV-443,jv443.jpg
JV-445,jv445.jpg
JV-446,jv446.jpg
JV-448,jv448.jpg
JV-450,jv450.jpg
JV-451,jv451.jpg
JV-455,jv455.jpg
JV-456,jv456.jpg
JV-457,jv457.jpg
JV-460,jv460.jpg
JV-462,jv462.jpg
JV-464-INFO,jv464info.jpg
JV-464-INFO C,jv464infoc.jpg
JV-464-INFO K,jv464infok.jpg
JV-464-INFO S,jv464infos.jpg
JV-464-INFO V,jv464infov.jpg
JV-466,jv466.jpg
JV-468,jv468.jpg
JV-470,jv470.jpg
JV-472,jv472.jpg
JV-474,jv474.jpg
JV-475,jv475.jpg
JV-477,jv477.jpg
JV-479,jv479.jpg
JV-500,jv500.jpg
JV-500 S,jv500s.jpg
JV-501,jv501.jpg
JV-501 S,jv501s.jpg
JV-505,jv505.jpg
JV-505 S,jv505s.jpg
JV-510,jv510.jpg
JV-510(A),jv510a.jpg
JV-520,jv520.jpg
JV-520 S,jv520s.jpg
JV-525,jv525.jpg
JV-530,jv530.jpg
JV-530 S,jv530s.jpg
JV-531,jv531.jpg
JV-531 S,jv531s.jpg
JV-535,jv535.jpg
JV-535 S,jv535s.jpg
JV-535(A),jv535a.jpg
JV-535(A) S,jv535as.jpg
JV-536,jv536.jpg
JV-536 S,jv536s.jpg
JV-537,jv537.jpg
JV-537 S,jv537s.jpg
JV-538,jv538.jpg
JV-539,jv539.jpg
JV-539 S,jv539s.jpg
JV-540,jv540.jpg
JV-540 S,jv540s.jpg
JV-548,jv548.jpg
JV-550,jv550.jpg
JV-550 S,jv550s.jpg
JV-552,jv552.jpg
JV-552 S,jv552s.jpg
JV-555,jv555.jpg
JV-556,jv556.jpg
JV-565,jv565.jpg
JV-567,jv567.jpg
JV-569,jv569.jpg
JV-570,jv570.jpg
JV-570 S,jv570s.jpg
JV-571,jv571.jpg
JV-572,jv572.jpg
JV-573,jv573.jpg
JV-574,jv574.jpg
JV-575,jv575.jpg
JV-575 S,jv575s.jpg
JV-580,jv580.jpg
JV-580 S,jv580s.jpg
JV-590,jv590.jpg
JV-590 S,jv590s.jpg
JV-591,jv591.jpg
JV-595,jv595.jpg
JV-595-INFO,jv595info.jpg
JV-595-INFO S,jv595infos.jpg
JV-596,jv596.jpg
JV-596-INFO,jv596info.jpg
JV-596-INFO S,jv596infos.jpg
JV-597,jv597.jpg
JV-598,jv598.jpg
JV-600,jv600.jpg
JV-600 S,jv600s.jpg
JV-610,jv610.jpg
JV-610 S,jv610s.jpg
JV-611,jv611.jpg
JV-611 S,jv611s.jpg
JV-615,jv615.jpg
JV-615 S,jv615s.jpg
JV-618,jv618.jpg
JV-618 S,jv618s.jpg
JV-620,jv620.jpg
JV-620 S,jv620s.jpg
JV-622,jv622.jpg
JV-624,jv624.jpg
JV-625,jv625.jpg
JV-625 S,jv625s.jpg
JV-635,jv635.jpg
JV-635 S,jv635s.jpg
JV-640,jv640.jpg
JV-642,jv642.jpg
JV-644,jv644.jpg
JV-665,jv665.jpg
JV-667,jv667.jpg
JV-672,jv672.jpg
JV-674,jv674.jpg
JV-678,jv678.jpg
JV-680,jv680.jpg
JV-681,jv681.jpg
JV-682,jv682.jpg
JV-683,jv683.jpg
JV-688,jv688.jpg
JV-690,jv690.jpg
JV-692,jv692.jpg
JV-700,jv700.jpg
JV-710,jv710.jpg
JV-710 S,jv710s.jpg
JV-732,jv732.jpg
JV-732 S,jv732s.jpg
JV-735,jv735.jpg
JV-735 S,jv735s.jpg
JV-740,jv740.jpg
JV-740 S,jv740s.jpg
JV-742,jv742.jpg
JV-743,jv743.jpg
JV-744,jv744.jpg
JV-744A,jv744a.jpg
JV-745,jv745.jpg
JV-746,jv746.jpg
JV-748,jv748.jpg
JV-749,jv749.jpg
JV-750,jv750.jpg
JV-750 S,jv750s.jpg
JV-751,jv751.jpg
JV-755,jv755.jpg
JV-755 S,jv755s.jpg
JV-760,jv760.jpg
JV-790,jv790.jpg
JV-791,jv791.jpg
JV-792,jv792.jpg
JV-792 S,jv792s.jpg
JV-793,jv793.jpg
JV-794,jv794.jpg
JV-796,jv796.jpg
JV-798,jv798.jpg
JV-800,jv800.jpg
JV-810,jv810.jpg
JV-816,jv816.jpg
JV-817,jv817.jpg
JV-820,jv820.jpg
JV-822,jv822.jpg
JV-825,jv825.jpg
JV-826,jv826.jpg
JV-826 S,jv826s.jpg
JV-828,jv828.jpg
LA-350,la350.jpg
LA-400,la400.jpg
LA-400 S,la400s.jpg
LA-400 C,la400c.jpg
LA-400 R,la400r.jpg
LA-400 V,la400v.jpg
LA-450,la450.jpg
LA-450 S,la450s.jpg
LA-450 C,la450c.jpg
LA-450 R,la450r.jpg
LA-450 V,la450v.jpg
MC-005,mc005.jpg
MC-010,mc010.jpg
MC-011,mc011.jpg
MC-012,mc012.jpg
MC-013-INFO,mc013info.jpg
MC-020,mc020.jpg
MC-025,mc025.jpg
MC-025 S,mc025s.jpg
MC-030,mc030.jpg
MC-031,mc031.jpg
MC-040,mc040.jpg
MC-050,mc050.jpg
MC-051,mc051.jpg
MC-052,mc052.jpg
MC-053,mc053.jpg
MC-120,mc120.jpg
MC-125,mc125.jpg
MC-200,mc200.jpg
MC-201,mc201.jpg
MC-202,mc202.jpg
MC-350,mc350.jpg
MC-350(A-13b(5)),mc350a13b5.jpg
MC-350EX,mc350ex.jpg
MC-351,mc351.jpg
MC-355,mc355.jpg
MC-356,mc356.jpg
MC-357,mc357.jpg
MC-358,mc358.jpg
MC-410,mc410.jpg
MC-500,mc500.jpg
MC-510,mc510.jpg
MC-800,mc800.jpg
MC-1000,mc1000.jpg
MD-100,md100.jpg
MD-109,md109.jpg
MD-130,md130.jpg
MD-140,md140.jpg
MIL-010,mil010.jpg
MIL-015,mil015.jpg
MIL-020,mil020.jpg
MIL-100,mil100.jpg
MIL-183,mil183.jpg
MIL-184,mil184.jpg
NC-100,nc100.jpg
NC-100-INFO,nc100info.jpg
NC-110,nc110.jpg
NC-110G,nc110g.jpg
NC-120,nc120.jpg
NC-121,nc121.jpg
NC-125,nc125.jpg
NC-130,nc130.jpg
NC-130G,nc130g.jpg
NC-200,nc200.jpg
NC-225,nc225.jpg
NC-230,nc230.jpg
NC-300,nc300.jpg
NC-330,nc330.jpg
NC-400,nc400.jpg
NC-400-INFO,nc400info.jpg
NC-410,nc410.jpg
NC-420,nc420.jpg
NC-425,nc425.jpg
NC-500,nc500.jpg
NC-500-INFO,nc500info.jpg
NC-510G,nc510g.jpg
NC-520,nc520.jpg
NC-530G,nc530g.jpg
PLD-050,pld050.jpg
PLD-C-001,pldc001.jpg
PLD-C-001(1),pldc0011.jpg
PLD-C-001(2),pldc0012.jpg
PLD-C-001(3),pldc0013.jpg
PLD-C-010,pldc010.jpg
PLD-PI-001,pldpi001.jpg
PLD-PI-001(1),pldpi0011.jpg
PLD-PI-001(2),pldpi0012.jpg
PLD-PI-001(3),pldpi0013.jpg
PLD-PI-001(4),pldpi0014.jpg
PLD-PI-001(5),pldpi0015.jpg
PLD-PI-001(6),pldpi0016.jpg
PLD-PI-002,pldpi002.jpg
PLD-PI-003,pldpi003.jpg
POS-010,pos010.jpg
POS-015,pos015.jpg
POS-020,pos020.jpg
POS-020(D),pos020d.jpg
POS-020(P),pos020p.jpg
POS-030,pos030.jpg
POS-030(D),pos030d.jpg
POS-030(P),pos030p.jpg
POS-040,pos040.jpg
POS-040(D),pos040d.jpg
POS-040(P),pos040p.jpg
POS-050,pos050.jpg
POS-050(D),pos050d.jpg
POS-050(P),pos050p.jpg
RC-200,rc200.jpg
RC-210,rc210.jpg
RC-300,rc300.jpg
RC-310,rc310.jpg
REC-001(N),rec001n.jpg
REC-001(R),rec001r.jpg
REC-002(N),rec002n.jpg
REC-002(R),rec002r.jpg
SC-100,sc100.jpg
SC-100-INFO,sc100info.jpg
SC-100A,sc100a.jpg
SC-101,sc101.jpg
SC-103,sc103.jpg
SC-104,sc104.jpg
SC-104A,sc104a.jpg
SC-104B,sc104b.jpg
SC-104C,sc104c.jpg
SC-105,sc105.jpg
SC-105A,sc105a.jpg
SC-107,sc107.jpg
SC-108,sc108.jpg
SC-108A,sc108a.jpg
SC-109,sc109.jpg
SC-112A,sc112a.jpg
SC-113A,sc113a.jpg
SC-114,sc114.jpg
SC-120,sc120.jpg
SC-120A,sc120a.jpg
SC-130,sc130.jpg
SC-132,sc132.jpg
SC-133,sc133.jpg
SC-134,sc134.jpg
SC-135,sc135.jpg
SC-140,sc140.jpg
SC-145,sc145.jpg
SC-150,sc150.jpg
SC-152,sc152.jpg
SC-200,sc200.jpg
SC-200-INFO,sc200info.jpg
SC-200-INFO S,sc200infos.jpg
SC-202A,sc202a.jpg
SC-220,sc220.jpg
SC-220-INFO,sc220info.jpg
SC-221,sc221.jpg
SC-222,sc222.jpg
SC-223,sc223.jpg
SC-224,sc224.jpg
SC-225,sc225.jpg
SC-225A,sc225a.jpg
SC-290,sc290.jpg
SC-300,sc300.jpg
SC-300-INFO,sc300info.jpg
SUBP-001,subp001.jpg
SUBP-002,subp002.jpg
SUBP-010,subp010.jpg
SUBP-015,subp015.jpg
SUBP-020,subp020.jpg
SUBP-025,subp025.jpg
SUBP-030,subp030.jpg
SUBP-035,subp035.jpg
SUBP-040,subp040.jpg
SUBP-045,subp045.jpg
SUBP-050,subp050.jpg
SUM-100,sum100.jpg
SUM-110,sum110.jpg
SUM-120,sum120.jpg
SUM-130,sum130.jpg
SUM-145,sum145.jpg
SUM-200(A),sum200a.jpg
SUM-300,sum300.jpg
SV-100,sv100.jpg
SV-100-INFO,sv100info.jpg
SV-109,sv109.jpg
SV-110,sv110.jpg
SV-115,sv115.jpg
SV-115-INFO,sv115info.jpg
SV-116,sv116.jpg
SV-120,sv120.jpg
SV-120-INFO,sv120info.jpg
SV-130,sv130.jpg
SV-200,sv200.jpg
SV-200-INFO,sv200info.jpg
SV-250,sv250.jpg
SV-260,sv260.jpg
SV-600,sv600.jpg
SV-610,sv610.jpg
SV-620,sv620.jpg
SV-630,sv630.jpg
SV-700,sv700.jpg
SV-710,sv710.jpg
SV-720,sv720.jpg
SV-730,sv730.jpg
SV-800,sv800.jpg
SV-800-INFO,sv800info.jpg
TH-100,th100.jpg
TH-110,th110.jpg
TH-120,th120.jpg
TH-130,th130.jpg
TH-140,th140.jpg
TH-190,th190.jpg
TH-200,th200.jpg
TH-210,th210.jpg
TR-100,tr100.jpg
TR-106,tr106.jpg
TR-108,tr108.jpg
TR-115,tr115.jpg
TR-120,tr120.jpg
TR-130,tr130.jpg
TR-135,tr135.jpg
TR-145,tr145.jpg
TR-INST,trinst.jpg
TR-200,tr200.jpg
TR-205,tr205.jpg
TR-210,tr210.jpg
TR-215,tr215.jpg
TR-220,tr220.jpg
TR-225,tr225.jpg
TR-235,tr235.jpg
TR-300,tr300.jpg
TR-300 o,tr300o.jpg
TR-310,tr310.jpg
TR-310 o,tr310o.jpg
TR-320,tr320.jpg
TR-321,tr321.jpg
TR-500-INFO,tr500info.jpg
TR-505,tr505.jpg
TR-510,tr510.jpg
UD-100,ud100.jpg
UD-105,ud105.jpg
UD-106,ud106.jpg
UD-110,ud110.jpg
UD-110 S,ud110s.jpg
UD-115,ud115.jpg
UD-116,ud116.jpg
UD-150,ud150.jpg
VL-100,vl100.jpg
VL-110,vl110.jpg
VL-115,vl115.jpg
VL-120,vl120.jpg
VL-125,vl125.jpg
WG-001,wg001.jpg
WG-002,wg002.jpg
WG-003,wg003.jpg
WG-004,wg004.jpg
WG-005,wg005.jpg
WG-006,wg006.jpg
WG-007,wg007.jpg
WG-008,wg008.jpg
WG-009,wg009.jpg
WG-010,wg010.jpg
WG-011,wg011.jpg
WG-012,wg012.jpg
WG-020,wg020.jpg
WG-021,wg021.jpg
WG-022,wg022.jpg
WG-023,wg023.jpg
WG-024,wg024.jpg
WG-025,wg025.jpg
WG-026,wg026.jpg
WG-030,wg030.jpg
WG-035,wg035.jpg
WV-100,wv100.jpg
WV-100-INFO,wv100info.jpg
WV-109,wv109.jpg
WV-110,wv110.jpg
WV-115,wv115.jpg
WV-115-INFO,wv115info.jpg
WV-116,wv116.jpg
WV-120,wv120.jpg
WV-120-INFO,wv120info.jpg
WV-130,wv130.jpg
WV-200,wv200.jpg
WV-200-INFO,wv200info.jpg
WV-250,wv250.jpg
WV-260,wv260.jpg
WV-600,wv600.jpg
WV-610,wv610.jpg
WV-620,wv620.jpg
WV-630,wv630.jpg
WV-700,wv700.jpg
WV-710,wv710.jpg
WV-720,wv720.jpg
WV-730,wv730.jpg
WV-800,wv800.jpg
WV-800-INFO,wv800info.jpg
